{"IcoMoonType":"selection","icons":[{"icon":{"paths":["M358.4 512v-409.6h307.2v409.6h256l-409.6 409.6-409.6-409.6h256z"],"attrs":[],"isMulticolor":false,"isMulticolor2":false,"tags":["arrow-thick-down"],"grid":20},"attrs":[],"properties":{"id":20,"order":21,"prevSize":20,"code":59648,"name":"arrow-thick-down"},"setIdx":0,"setId":5,"iconIdx":19},{"icon":{"paths":["M512 665.6h409.6v-307.2h-409.6v-256l-409.6 409.6 409.6 409.6v-256z"],"attrs":[],"isMulticolor":false,"isMulticolor2":false,"tags":["arrow-thick-left"],"grid":20},"attrs":[],"properties":{"id":21,"order":22,"prevSize":20,"code":59649,"name":"arrow-thick-left"},"setIdx":0,"setId":5,"iconIdx":20},{"icon":{"paths":["M512 358.4h-409.6v307.2h409.6v256l409.6-409.6-409.6-409.6v256z"],"attrs":[],"isMulticolor":false,"isMulticolor2":false,"tags":["arrow-thick-right"],"grid":20},"attrs":[],"properties":{"id":22,"order":23,"prevSize":20,"code":59650,"name":"arrow-thick-right"},"setIdx":0,"setId":5,"iconIdx":21},{"icon":{"paths":["M358.4 512v409.6h307.2v-409.6h256l-409.6-409.6-409.6 409.6h256z"],"attrs":[],"isMulticolor":false,"isMulticolor2":false,"tags":["arrow-thick-up"],"grid":20},"attrs":[],"properties":{"id":23,"order":20,"prevSize":20,"code":59651,"name":"arrow-thick-up"},"setIdx":0,"setId":5,"iconIdx":22},{"icon":{"paths":["M460.8 828.006l-310.835-310.835-72.397 72.397 434.432 434.432 434.432-434.432-72.397-72.397-310.835 310.835v-828.006h-102.4z"],"attrs":[],"isMulticolor":false,"isMulticolor2":false,"tags":["arrow-thin-down"],"grid":20},"attrs":[],"properties":{"id":24,"order":16,"prevSize":20,"code":59652,"name":"arrow-thin-down"},"setIdx":0,"setId":5,"iconIdx":23},{"icon":{"paths":["M195.994 460.8l310.835-310.835-72.397-72.397-434.432 434.432 434.432 434.432 72.397-72.397-310.835-310.835h828.006v-102.4h-828.006z"],"attrs":[],"isMulticolor":false,"isMulticolor2":false,"tags":["arrow-thin-left"],"grid":20},"attrs":[],"properties":{"id":25,"order":18,"prevSize":20,"code":59653,"name":"arrow-thin-left"},"setIdx":0,"setId":5,"iconIdx":24},{"icon":{"paths":["M828.006 460.8l-310.835-310.835 72.397-72.397 434.432 434.432-434.432 434.432-72.397-72.397 310.835-310.835h-828.006v-102.4z"],"attrs":[],"isMulticolor":false,"isMulticolor2":false,"tags":["arrow-thin-right"],"grid":20},"attrs":[],"properties":{"id":26,"order":19,"prevSize":20,"code":59654,"name":"arrow-thin-right"},"setIdx":0,"setId":5,"iconIdx":25},{"icon":{"paths":["M460.8 195.994l-310.835 310.835-72.397-72.397 434.432-434.432 434.432 434.432-72.397 72.397-310.835-310.835v828.006h-102.4v-828.006z"],"attrs":[],"isMulticolor":false,"isMulticolor2":false,"tags":["arrow-thin-up"],"grid":20},"attrs":[],"properties":{"id":27,"order":17,"prevSize":20,"code":59655,"name":"arrow-thin-up"},"setIdx":0,"setId":5,"iconIdx":26},{"icon":{"paths":["M475.802 663.040l36.198 36.198 289.638-289.638-72.397-72.397-217.242 217.19-217.242-217.19-72.397 72.397z"],"attrs":[],"isMulticolor":false,"isMulticolor2":false,"tags":["cheveron-down"],"grid":20},"attrs":[],"properties":{"id":76,"order":24,"prevSize":20,"code":59656,"name":"cheveron-down"},"setIdx":0,"setId":5,"iconIdx":75},{"icon":{"paths":["M360.96 475.802l-36.198 36.198 289.638 289.638 72.397-72.397-217.19-217.242 217.19-217.242-72.397-72.397z"],"attrs":[],"isMulticolor":false,"isMulticolor2":false,"tags":["cheveron-left"],"grid":20},"attrs":[],"properties":{"id":77,"order":25,"prevSize":20,"code":59657,"name":"cheveron-left"},"setIdx":0,"setId":5,"iconIdx":76},{"icon":{"paths":["M663.040 548.198l36.198-36.198-289.638-289.638-72.397 72.397 217.19 217.242-217.19 217.242 72.397 72.397 253.44-253.44z"],"attrs":[],"isMulticolor":false,"isMulticolor2":false,"tags":["cheveron-right"],"grid":20},"attrs":[],"properties":{"id":82,"order":26,"prevSize":20,"code":59658,"name":"cheveron-right"},"setIdx":0,"setId":5,"iconIdx":81},{"icon":{"paths":["M548.198 360.96l-36.198-36.198-289.638 289.638 72.397 72.397 217.242-217.19 217.242 217.19 72.397-72.397z"],"attrs":[],"isMulticolor":false,"isMulticolor2":false,"tags":["cheveron-up"],"grid":20},"attrs":[],"properties":{"id":83,"order":27,"prevSize":20,"code":59659,"name":"cheveron-up"},"setIdx":0,"setId":5,"iconIdx":82}],"height":1024,"metadata":{"name":"icomoon"},"preferences":{"showGlyphs":true,"showQuickUse":true,"showQuickUse2":true,"showSVGs":true,"fontPref":{"prefix":"icon-","metadata":{"fontFamily":"icomoon"},"metrics":{"emSize":1024,"baseline":6.25,"whitespace":50},"embed":false},"imagePref":{"prefix":"icon-","png":true,"useClassSelector":true,"color":0,"bgColor":16777215,"classSelector":".icon"},"historySize":50,"showCodes":true,"gridSize":16}}