{"IcoMoonType":"selection","icons":[{"icon":{"paths":["M475.802 663.040l36.198 36.198 289.638-289.638-72.397-72.397-217.242 217.19-217.242-217.19-72.397 72.397z"],"attrs":[],"isMulticolor":false,"isMulticolor2":false,"tags":["cheveron-down"],"grid":20},"attrs":[],"properties":{"id":0,"order":24,"prevSize":20,"code":59656,"name":"cheveron-down"},"setIdx":0,"setId":8,"iconIdx":0},{"icon":{"paths":["M663.040 548.198l36.198-36.198-289.638-289.638-72.397 72.397 217.19 217.242-217.19 217.242 72.397 72.397 253.44-253.44z"],"attrs":[],"isMulticolor":false,"isMulticolor2":false,"tags":["cheveron-right"],"grid":20},"attrs":[],"properties":{"id":1,"order":27,"prevSize":20,"code":59658,"name":"cheveron-right"},"setIdx":0,"setId":8,"iconIdx":1},{"icon":{"paths":["M512 153.6v102.4c-0.136-0-0.297-0-0.458-0-141.385 0-256 114.615-256 256 0 70.806 28.746 134.899 75.205 181.243l0.005 0.005-72.192 72.192c-64.865-64.859-104.986-154.464-104.986-253.44 0-197.939 160.461-358.4 358.4-358.4 0.009 0 0.018 0 0.028 0l-0.002-0zM765.44 258.56c64.865 64.859 104.986 154.464 104.986 253.44 0 197.939-160.461 358.4-358.4 358.4-0.009 0-0.018-0-0.028-0l0.002 0v-102.4c0.136 0 0.297 0 0.458 0 141.385 0 256-114.615 256-256 0-70.806-28.746-134.899-75.205-181.243l-0.005-0.005 72.192-72.192zM512 1024l-204.8-204.8 204.8-204.8v409.6zM512 409.6v-409.6l204.8 204.8-204.8 204.8z"],"attrs":[],"isMulticolor":false,"isMulticolor2":false,"tags":["refresh"],"grid":20},"attrs":[],"properties":{"id":219,"order":28,"prevSize":20,"code":59648,"name":"refresh"},"setIdx":3,"setId":5,"iconIdx":218},{"icon":{"paths":["M384 928c0 53.019-42.981 96-96 96s-96-42.981-96-96c0-53.019 42.981-96 96-96s96 42.981 96 96z","M1024 928c0 53.019-42.981 96-96 96s-96-42.981-96-96c0-53.019 42.981-96 96-96s96 42.981 96 96z","M1024 512v-384h-768c0-35.346-28.654-64-64-64h-192v64h128l48.074 412.054c-29.294 23.458-48.074 59.5-48.074 99.946 0 70.696 57.308 128 128 128h768v-64h-768c-35.346 0-64-28.654-64-64 0-0.218 0.014-0.436 0.016-0.656l831.984-127.344z"],"attrs":[],"isMulticolor":false,"isMulticolor2":false,"tags":["cart","purchase","ecommerce","shopping"],"defaultCode":59706,"grid":16},"attrs":[],"properties":{"ligatures":"cart, purchase","name":"cart","order":26,"id":0,"prevSize":32,"code":59706},"setIdx":1,"setId":7,"iconIdx":0}],"height":1024,"metadata":{"name":"icomoon"},"preferences":{"showGlyphs":true,"showQuickUse":true,"showQuickUse2":true,"showSVGs":true,"fontPref":{"prefix":"icon-","metadata":{"fontFamily":"icomoon"},"metrics":{"emSize":1024,"baseline":6.25,"whitespace":50},"embed":false},"imagePref":{"prefix":"icon-","png":true,"useClassSelector":true,"color":0,"bgColor":16777215,"classSelector":".icon"},"historySize":50,"showCodes":true,"gridSize":16}}